"","zmax","zmean","zsd","zskew","zkurt","zentropy","pzabovezmean","pzabove2","zq5","zq10","zq15","zq20","zq25","zq30","zq35","zq40","zq45","zq50","zq55","zq60","zq65","zq70","zq75","zq80","zq85","zq90","zq95","zpcum1","zpcum2","zpcum3","zpcum4","zpcum5","zpcum6","zpcum7","zpcum8","zpcum9"
"1",39.17,23.60624607927,8.75016710577841,-1.13532411074137,3.56191355939617,0.899506967115636,62.4239616006083,96.2111491303108,3.04,8.84,14.14,18.28,20.25,21.61,23.01,24.13,24.96,25.79,26.83,27.61,28.36,29.01,29.85,30.77,31.62,32.53,33.59,5.6566112609455,8.87045991897062,12.8435134910357,16.4244894079627,23.2181258688084,37.1250014851426,58.722539712714,83.1965021920705,99.104161963715
"2",36.59,21.3805321915406,7.23477502682063,-1.30555996802595,4.5167229795624,0.866145743956543,64.2185855800283,96.5056787256432,3.49,10.7,15.13,17.99,19.43,20.58,21.3,21.87,22.45,22.91,23.47,24.04,24.6,25.22,25.92,26.54,27.29,28.16,29.9,5.14538681116648,8.04949441192123,10.3294789297982,14.6039963229958,20.9081232764043,40.6744399825826,73.0042575838212,93.1866563452513,98.6791813827471
"3",42.83,21.6609201046588,11.2593209272129,-0.40856089840366,1.91109145202642,0.952149694941975,54.7821881626428,94.308247461032,1.73,4.03,6.96,9.31,12.54,15.33,17.18,18.74,21.46,24.87,27.02,28.43,29.39,30.33,31.09,31.89,33,34.27,35.68,10.4188884204261,18.4345626348553,25.4953994196573,34.8800872994221,44.9443218174152,51.5699015401404,68.2522754891992,89.9928077180626,97.7840331340989
"4",44.56,26.0649830013578,7.86424770814839,-0.980664479380529,3.54441998068322,0.86894169911191,60.6560557024574,99.2536932485273,10.56,13.31,16.68,20.47,22.42,23.81,25.05,26.19,27.04,28.04,29.09,29.82,30.38,31,31.68,32.43,33.19,33.99,35.1,1.36501000530894,3.36709274308817,10.0900477804549,16.2310613795075,24.6794217339813,43.0452893371993,71.3572507861314,96.2092130518234,99.1873238861437
"5",43.61,20.2728215392877,7.40797287821772,-0.418427583061767,3.39848711369201,0.878400571935321,55.0748163155711,97.6200356384407,6.47,10.34,12.94,14.58,15.74,16.69,17.81,18.9,20.29,21.21,22.14,23.08,23.94,24.79,25.61,26.42,27.48,28.62,30.13,3.47845190582549,7.66601979666313,15.3918445559176,33.490779051176,53.0787350640157,78.3933213723408,96.3348101497565,98.7526393516654,99.1175716744169
"6",33.21,20.6068432538834,8.27589482133036,-0.84746852874635,2.58840910885511,0.924207453464386,63.9565235996405,97.4852725120173,4.14,7.12,9.52,12.11,14.91,17.54,20.21,21.81,22.737,23.39,23.98,24.64,25.43,26.22,27.04,27.76,28.44,29.19,30.13,3.81850340912333,9.14615011553933,15.9059139018058,22.0494679485351,28.3285310815052,34.4264399623427,48.8046672182124,72.1008187601632,93.7109519869911
"7",42.9,17.541232717593,10.6726796092222,0.240104254180041,2.07406147214206,0.943948602000122,43.7041219649915,93.4855206904896,1.18,3.59,5.45,7.29,9.58,11.16,12.27,13.11,13.99,15.29,16.99,19.87,23.55,25.99,26.92,27.61,29.1,32.24,34.45,11.4642488384099,22.7978187919463,38.9100413009809,55.3707408363449,62.2418688693856,69.1436499741869,86.6707537429014,94.8002710376872,97.0766649457925
"8",36.4,15.7825865224626,8.68240039975581,0.235507686768683,2.24848536996117,0.963861066027196,45.7695507487521,95.1767886855241,2.1095,4.41,6.25,7.75,9.5,10.8,11.95,12.89,13.81,14.82,15.92,17.1640000000001,18.59,20.12,21.98,24.32,26.3015,28.88,31.23,8.40283699744171,18.3344079535764,30.4186859127686,48.8882880259573,63.3187046319599,74.683333679985,83.3212005241374,90.6112855924624,98.3714303542087
"9",43.03,20.706935442746,9.90946143105868,0.372812416892072,2.2705503167204,0.940295905654704,43.6432291982856,98.8853947863673,6.65,9.21,10.64,11.74,13.05,14.64,16.06,17.04,18.05,19.11,20.36,21.56,22.63,24.08,27.57,31.37,34.75,36.19,38.29,2.73555123846527,8.59640602234094,24.4803302574065,40.817144244779,59.7268091306459,72.8861097620204,78.7493929091792,84.3467702768334,95.726080621661
"10",37.26,18.1999592744243,12.6038577205534,-0.0394952773598529,1.45815862172068,0.948712327714383,50.324703914058,86.6970457447277,0.53,1.41,2.35,3.74,5.21,7.16,9.94,13.09,16.11,18.41,20.9,23.01,27.75,29.947,31.55,32.43,33.21,34.05,35.02,19.946946098557,30.8725275451013,36.9748269143983,42.9901707190895,50.2933374426258,58.8612123146691,62.9448217410926,69.6492058425334,87.0094990699057
"11",34.12,15.3925470034456,6.34888733622749,-0.0430213598824357,2.84172622604467,0.902229438823331,48.1971838628286,97.4592365500963,4.24,7.21,9.03,10.37,11.5,12.34,13.14,13.81,14.49,15.185,15.78,16.49,17.35,18.6,20.07,21.45,22.79,23.72,25.17,3.9719467694019,9.31535466717311,19.5233121261039,38.7196983056825,63.4019289987384,76.584776917129,90.7199153519541,98.2324294260483,98.9934479156775
"12",33.45,13.5306835498681,8.71486317774339,-0.0792452655464677,1.86853542257685,0.937176900479598,53.2993064374328,83.9906710950474,0.09,0.56,1.75,3.32,5.75,7.83,9.89,11.5,13.06,14.39,15.7,17.19,18.42,19.38,20.36,21.51,22.88,24.97,26.99,20.0647170156908,27.3337810611148,35.4991147200684,46.1823066121253,58.4113804261554,73.5966786739117,86.6768422980646,94.3195555284205,99.4016728738018
"13",38.18,18.7153994856788,11.685466407213,-0.110817794682169,1.51834413358835,0.962175865333774,52.0636187435868,91.7993640659243,0.71,2.67700000000001,4.68,6.34,7.61,8.93,10.82,12.84,16.36,20.17,22.97,25.18,27.62,28.86,29.8,30.9,31.85,32.95,34.62,12.726996332588,25.106253602488,36.4885322117851,43.55352584607,48.4883801947085,54.8718306023043,62.8064885955522,78.5028851574327,94.4013377502739
"14",42.91,25.9219083852294,9.60338001187356,-0.652086998175171,2.5250014452573,0.942369137068026,58.0658129403853,98.9584246995878,8.11,10.71,13.6465,16.75,19.38,21.96,23.86,25.35,26.87,28.19,29.27,30.34,31.42,32.5,33.45,34.58,35.62,36.78,38.02,1.88435140449233,5.67059666254906,13.6472944426983,20.7768381197418,29.0064395406802,41.3234315954127,58.4675208864784,78.8679272865486,96.2948885689016
"15",41.77,29.5962734122713,5.0275418814294,-2.8214590827309,15.4290106720221,0.701426765628454,59.3972012917115,99.3326157158235,21.949,25.84,27.07,28.04,28.59,28.88,29.18,29.55,29.93,30.44,30.86,31.144,31.41,31.67,31.9075,32.26,32.69,33.511,35.2355,0.979653353428787,1.61481321993756,2.09925718591883,3.02508343201636,4.22004521477016,8.75228765206158,35.6658413176876,89.6759608138659,98.3205942512649
"16",38.12,20.504606543263,8.65814549057755,-0.179278288078625,2.28344993808382,0.953403249758873,48.6052518295308,97.8734395178648,5.69,9.45,11.44,12.84,14.06,15.27,16.66,17.74,18.86,20.11,21.7,23.64,25.41,26.59,27.75,28.92,30.31,31.63,33.47,3.20712886631223,7.50984739232442,14.9787985105146,29.9253104888181,45.6510041111518,57.9823069803483,70.3717256075249,85.7530295529392,96.162207537829
"17",42.65,20.0342807064523,11.0600694507602,0.118940759377964,1.87193600334765,0.9762803842412,46.1287534841827,96.5115571405967,3.148,5.71,8.03,9.59,10.9,12.35,13.87,15.55,16.98,18.64,20.71,23,25.51,27.94,29.84,31.4,34.04,35.85,37.8,7.20458639661133,16.6220361263937,31.627635230537,45.3478747748186,56.3330736647354,65.1467939042797,75.0559910414334,85.1343784994401,96.1719168411315
"18",46.67,23.3529603191479,9.17376322423302,-0.585312247008383,3.44766938109672,0.895887142764241,60.8233852758624,96.6009537984873,3.6,9.42,13.4,16.82,19.35,21.01,22.41,23.51,24.41,25.08,25.79,26.62,27.28,27.87,28.56,29.19,30.38,32.26,38.05,5.91225281234495,9.90269438341046,15.7501442877249,23.6439485221899,39.08627899677,71.0584137463169,90.3980316116686,94.219378094592,98.5581352963214
"19",34.91,19.1221654615773,6.82853016712108,-0.589519138785795,3.26865184151874,0.916168670690311,58.0214113558657,97.7355529398576,6.05,9.84,11.92,13.778,15.25,16.44,17.77,18.76,19.54,20.17,20.74,21.31,22.03,22.7,23.41,24.37,25.57,27.29,29.45,3.40455584951347,6.01430429128739,11.3503878749832,20.6649926012286,33.7866014976907,56.7306398816197,80.3394466615847,91.4039729160127,98.2254159006323
"20",43.65,23.7496820232445,11.0313104796052,-0.0881055778468689,1.95595604512929,0.966835500524768,48.1761618058933,97.7443104633807,5.71,9.75,12.03,13.65,15.17,16.3,17.5,19.1,21.04,22.95,25.52,28.22,30.1,31.46,33.88,35.6,37.25,38.6340000000001,39.9,3.65947740918391,8.27994499044041,17.931774729145,34.8203803709791,47.1790829503908,56.3697044913293,66.7913326401234,78.1186059772582,92.7196189581726
"21",42.16,21.3977833894501,11.357534886497,-0.410045149457923,2.01207888683023,0.951443594252056,61.2867021469172,94.4625466130843,1.73,3.99,5.83150000000001,7.48,9.84,15.97,19.77,21.77,22.98,24.02,25.25,26.75,27.85,28.98,29.99,31,32.2,34.48,37.67,10.5972013540667,21.9565178038051,27.3764052062779,31.1688781883022,37.9048170742745,55.1275320866748,72.755743016962,88.8615340055394,95.2372332144603
"22",34.69,18.8932106752169,6.74204529635381,-0.70393385773726,3.29951736978134,0.906683584272758,58.0922293474161,97.4839683138438,5.25,9.62,11.8,13.47,14.93,16.46,17.65,18.57,19.38,20.15,20.87,21.46,22.1,22.72,23.39,24.3,25.28,26.15,28.57,3.51097237808731,6.74940352134592,11.6051641377229,21.4053320004904,33.3782853478437,54.5459689359575,79.9564311243976,94.0484161487755,98.487348994238
"23",39.98,20.3725311606048,12.3725498924956,-0.331448940441576,1.76474204402874,0.962509893074864,56.8451164691459,86.7886697997548,0.23,1.1,2.78,5.49,8.26,12.78,16.13,18.64,21.43,23.31,24.95,26.71,28.24,29.59,30.37,31.79,33.48,35.6,37.46,17.1832496839202,24.5763253004355,29.2990051466738,34.7687828052565,42.4377099217144,51.9201052322389,64.2031595213466,80.6380343026449,90.8879608699539
"24",42.44,23.525578880826,9.54529152938833,-0.686648241579913,3.14035139084872,0.926043651971974,54.7431220450145,95.3773820969038,2.6,9.13,14.24,17.04,18.79,20.19,21.49,22.63,23.48,24.24,25.29,27.2,28.56,29.72,30.71,31.56,32.45,33.68,36.75,6.25707888844989,9.47846700908732,12.8420913999737,19.8327406822073,33.7692611615962,55.5985776372975,69.9117608323456,90.6953773212169,95.7210588700119
"25",40.25,21.4151174784033,10.1798365179439,-0.522275213208123,2.49885982208191,0.956883438001731,57.0468424188263,93.1430592791183,1,4.56,9.05,12.56,15.38,17.83,19.55,20.85,21.79,22.79,24.01,25.19,26.35,27.51,29.03,30.54,31.65,33.44,36.1945,9.41334177356594,13.9915473552904,19.3870901677496,26.2516058163132,36.9868369607715,55.5044590493567,72.2905922436745,87.0398987172088,95.0363985030999
"26",44.65,24.9067067354352,11.687064930829,-0.648044300935774,2.48752127759043,0.940646542738897,53.3039403266506,93.7539860799157,1.4,4.16,8.97,16.68,19.16,20.93,22.37,23.61,24.52,25.79,27.65,30.1,32.04,33.56,34.56,35.77,37.14,38.4,40.12,10.4596187175043,14.9670710571924,17.1119584055459,22.3362218370884,34.8824956672444,52.8415944540728,63.0086655112652,79.8086655112652,95.2887348353553
"27",39,22.4467784801961,8.56699948471814,-0.643580967529156,2.97047378553027,0.934679819902825,59.5794091085021,97.8725325764418,5.04,9.5,12.59,15.9,17.62,18.98,20.52,22.3,23.44,24.3,25.32,26.11,26.8,27.35,28.05,28.87,29.98,31.98,34.98,3.86019688036228,7.77845153466049,13.8190403695055,19.4493542685366,31.7834057980364,44.7199680037157,69.4629010824549,88.320066056845,95.0496071423964
"28",40.89,18.7789096020416,10.6174248225101,-0.36799429090374,1.92589098248301,0.946788139572671,58.5872079113167,90.0699816572294,0.54,2.03,3.76,6.27,9.45,13.1,16.04,18.23,19.83,20.95,21.94,23.5,24.86,26.03,27.51,28.79,30.11,31.49,33.24,15.87562680065,23.5268315538675,28.6917685996551,35.8116258436263,47.5421439323703,63.6998933317383,79.352214612555,93.7713710360778,99.5434199639122
"29",43.43,25.6419474914926,9.54461419067525,-0.453037981569925,3.20237304024757,0.929602865481103,52.9533659055911,97.700614056767,6.86,12.76,16.63,18.71,20.68,22.67,23.81,24.74,25.39,25.99,26.62,27.39,28.42,29.77,31.83,33.4,35.5,38.98,41.53,3.83646543283809,6.33834279141833,10.2489520061596,16.9675193201586,27.3657094514311,50.5156795087499,71.6400034220207,83.2748738129866,90.1921084400338
"30",39.32,20.9941315648605,12.0326129780197,-0.360152750428831,1.77844926329671,0.964533508498182,53.5216796526497,89.9030512103729,0.67,1.97,4.37,7.2,10.19,14.35,16.21,18.76,20.39,23.2,25.58,27.48,29.2,30.5,31.78,33.03,34.33,35.34,36.32,14.168966501713,21.2873524933384,26.8937952036544,33.8147125999239,42.766225732775,51.0337362009897,60.0923106204796,73.4143033878949,90.2728873239437
"31",63.86,30.7805161559248,18.1986777433669,0.0991193162377515,1.59869911515332,0.97129668284013,46.009889035819,97.5722992008279,4.41,8.13,10.93,12.88,14.69,16.66,18.63,20.94,24.13,27.94,32.0005,38.69,43.26,45.94,47.76,51.08,53.48,55.77,57.64,7.8912190424171,19.6906757125814,36.3944747092898,46.8672291615759,54.9568067154418,59.8611490419859,67.6416897845367,80.00891175921,94.6213221026002
"32",39.07,22.4582231134229,8.42034308491872,-0.906364987913405,3.10157036947864,0.904484311377218,61.1328396434315,97.3674283785662,4.424,8.83,13.08,15.646,17.41,19.51,21.41,22.8,24.12,25.02,25.89,26.6,27.21,27.89,28.54,29.39,30.18,30.89,31.936,4.41947268106734,8.78335451080051,13.224666454892,19.9392471410419,30.0607528589581,42.1974269377382,65.9406766200762,91.9532242693774,98.3441867852605
"33",36.53,15.2754506412049,8.97371771118345,-0.112577089330363,1.95393646180065,0.945260420534937,50.8649274899125,88.5561903239982,0.38,1.62,3.51,6.14,8.62,10.14,11.35,12.85,14.16,15.58,16.91,18.57,20.25,21.67,22.89,24.06,25.4,26.67,28.68,15.3492738858593,22.1050318611294,33.5330896306506,46.7729370168395,59.153832324564,71.0013783184515,85.6914564231637,96.3824134555842,99.340804218853
"34",40.6,21.9834739265469,9.07380871071247,-0.546469118890414,2.68160473409802,0.943796858147806,57.602675759616,97.0180049084551,3.88,8.21,12.04,14.13,15.79,17.86,19.63,21.25,22.84,23.89,24.8,25.66,26.36,27.18,28.4,29.92,31.26,32.57,34.37,5.1648494852526,9.81712349593849,15.2143694887277,25.8959211155032,37.0487815472829,52.6801615915903,75.0749315842057,89.6963641892185,97.8628209026541
"35",43.04,19.1585558261461,9.33889939101809,-0.344058817377827,2.27274176754143,0.929170640675259,58.0221837014665,95.2665553582253,2.14,4.68,7.4,9.81,11.87,14.28,16.43,18.54,19.91,21,21.99,22.94,23.84,24.8,25.9,27.22,29.21,30.58,32.11,9.33724689467415,17.5333928875277,26.8578781691339,36.7470648289944,52.7618257614429,74.6596903181895,88.3092989620555,98.070869491237,99.4427428960354
"36",37.37,17.712790999259,9.4864228502186,0.0767706628377926,2.08760063284143,0.964156704076946,48.6191073362595,95.6934389785099,2.28,4.6,6.81,8.69,10.45,12.39,13.86,14.96,16.29,17.42,18.65,19.89,20.74,21.82,24.76,28.42,29.7835000000001,31.4590000000001,33.44,8.11588832993687,16.7220076669849,27.2063958045346,39.9410012683302,55.1281868578188,71.9969788089097,76.2380470564763,85.3386726710464,95.7803081044876
"37",33.21,17.4441893158388,9.51452325449777,-0.374024546613206,1.7501329248014,0.959516283178664,55.1025721128814,93.2573154222639,1.53,2.92,4.58,6.53,8.49,11.33,13.6505,15.65,17.48,19.71,21.35,22.97,24.3,25.11,26,26.73,27.45,28.31,29.33,11.2661572706091,20.3116254246775,28.3105320021348,34.0080444658501,42.3505981281647,50.5864129232131,60.779974747146,78.8865313773219,96.7340510003515
"38",38.37,24.3603463497453,10.1027492632688,-0.870011272187662,2.69244862633569,0.924664771873435,59.6885762794082,95.6352170749454,2.58,8.79,11.96,15.07,17.7,20.22,22.32,24.25,25.88,27.47,29.36,30.51,31.43,32.1,32.6,33.16,33.8090000000001,34.44,35.38,5.86762908201874,8.55307837087917,14.4110056852358,20.7482003220987,27.6044395288822,36.8327609290413,47.917030482954,60.9300114480858,90.6863030444147
"39",42.34,21.3152647992365,9.04077397777522,-0.0609991599203717,2.56487208983895,0.937327831064606,49.2641999422902,98.12887044148,5.36,8.78,12.07,14.13,15.68,17.03,18.31,19.27,20.19,21.16,22.16,23.08,24.02,25.13,26.9,29.29,33.0025000000001,34.67,36.03,3.57138893513124,9.48670994950336,16.2576993507574,29.6287664391543,50.0449475611786,71.0471117030132,80.588202652461,87.3458742578103,98.3186282670218
"40",42.42,16.8537927376661,7.63405826176908,-0.200107423149079,3.22494605995172,0.880724308171879,56.8620903028101,95.5978116743441,2.4,5.32,7.62,9.83,12.14,14.09,15.35,16.33,17.18,18.06,18.95,19.85,20.59,21.4,22.07,22.69,23.49,24.8,26.63,8.01575452795348,17.0107649392999,26.2611479982713,43.7345303107689,68.6107727969198,92.6875024555062,97.2822457077751,98.5964326405532,98.9028798177032
"41",37.11,18.6928291559563,10.0297439018874,-0.25937763010237,1.78491859473572,0.966436501927008,53.8066702885918,94.7819952482505,1.891,4.19,6.12,7.85,9.62,11.61,13.99,16.29,18.23,20.31,21.94,23.52,25.21,26.74,27.85,28.88,29.55,30.52,32.28,9.07948297951704,18.7128006357341,28.7629133487942,36.6293118827135,45.8579977619565,56.2421952287508,67.3991664098863,86.0292567425115,97.2462334376672
"42",40.57,24.0910674032741,10.286582061939,-0.516812115257413,2.33171427606247,0.961405419265087,54.8399911311481,97.8105021987362,4.36,8.24,11.93,14.79,17.58,19.07,20.68,22.33,24.04,25.445,26.92,28.59,29.84,31.21,32.95,34.38,35.64,36.57,37.7,4.47234463198544,9.88978502074037,15.2924438531822,22.2296130003788,33.4497380892991,45.9392293266077,59.3137662481639,73.9345731363691,89.6639967480576
"43",35.83,20.2933822173358,9.96678684542621,-0.767071432180457,2.16393443400415,0.915882538635387,62.1081004397787,93.5079443892751,1.55,3.16,5.05,8.87,12.8,16.3,18.97,21.44,23.13,24.31,25.29,26.17,27.07,27.85,28.49,29,29.47,30.02,30.71,11.3013486075029,18.5355949034872,22.1026218490375,27.6406905296011,32.5394784674995,40.1133149499481,54.0045928907725,76.5629571832634,98.7347383914242
"44",46.16,22.0217993575374,12.2961138709581,0.0377267028682483,2.00914249935034,0.979459037630244,50.9336507129486,96.1845115666382,2.76,4.72,6.88,9.27,11.81,14.87,16.86,18.72,20.49,22.345,24.19,25.56,26.74,28.46,30.55,34.56,37.26,40.02,42.1,9.7133150760911,19.9131047711489,28.0780208225003,39.1814284558764,51.9788308431842,68.0498260939901,77.3355981557874,84.1924636877318,93.8480026808103
"45",41.79,13.6284533012954,8.67104596170403,0.362322759983852,2.27931852715947,0.915351181518859,49.4345486836607,93.163654408692,1.47,2.79,3.78,4.78,5.87,7.2,8.59,10.15,11.83,13.45,14.92,16.0300000000001,17.19,18.42,19.64,21.01,22.98,26.6,29.63,17.0904342148221,34.1116552399608,47.2425726412014,63.0871694417238,79.6043095004897,88.37740777016,94.1900097943193,99.7140058765916,99.7140058765916
"46",35.67,18.3768082615162,9.23009961023215,-0.356835128514443,2.09536364500764,0.968010397566149,58.0025527156887,95.9040516450249,2.37,4.04,5.62,7.89,11.01,13.87,16.15,17.93,19.04,20,21.18,22.25,23.45,24.46,25.4600000000001,26.4,27.52,29.03,32.15,8.33131151172481,18.72804565449,24.3504678319392,30.6807033829471,39.5890252006878,56.1313937910737,72.4617348284265,88.6211879872151,94.8723087796285
"47",37.8,19.0727052946494,8.50851188039068,-0.530290584348196,2.38941112171985,0.941109825610251,58.5897089387401,95.6662348434719,2.58,6.09,8.73,10.85,12.74,15.03,16.81,18.57,20.02,21.05,22.17,22.96,23.69,24.55,25.57,26.62,27.62,28.82,30.272,6.74122745701104,12.6669462696305,21.1771284775619,30.1896640104385,40.9003215434084,58.1061559252528,79.1453469406776,94.9130900787548,99.0512139428678
"48",39.06,23.112011273491,6.69435627321484,-0.788443454776125,4.03682512601322,0.880097242051033,54.610052558843,99.0663460178243,10.33,14.79,16.84,18.62,19.83,20.77,21.62,22.41,23.06,23.72,24.37,25.08,25.8,26.59,27.55,28.5,29.55,31.19,33.08,1.60398711587011,3.58122225124053,6.26033777313485,11.6566553495256,23.5265952816227,47.8149212152868,73.9205188473927,90.1127361365021,98.770349090276
"49",53.87,27.3480271786597,8.43393668075326,0.44101508457289,5.31952837041034,0.787908342083485,39.1381581869051,98.775776057318,15.606,21.06,22.71,23.34,23.85,24.28,24.71,25.16,25.65,26.16,26.66,27.25,27.74,28.32,28.95,29.84,33.962,38.4,46.27,1.81489815253434,3.10279488394126,5.34699194694458,11.084793936523,57.3809805779252,83.183325438181,89.3415442918048,91.4066200852676,97.2717314069162
"50",53.37,25.2901594818978,8.23700006472563,-0.612902971970601,4.77942124063992,0.837928296656452,53.1140338364098,97.6833756526205,7.6,15.97,19.85,21.32,22.21,22.93,23.72,24.41,25.07,25.68,26.29,26.91,27.62,28.52,29.38,30.67,32.17,34.39,38.52,3.78168642387412,6.52772428353376,10.0326671516811,20.1295273961855,58.2545184804782,84.6164819332107,93.5065120326386,98.7617865650989,99.5435157843683
"51",39.97,21.9929204496576,12.5725199372195,-0.556740792382859,1.85371617449919,0.935506172748573,58.6275444368236,87.8192534381139,0.46,1.46,2.79,5.71,10.56,16.12,19.33,21.53,23.47,25.54,27.86,29.82,31.22,32.19,33.01,33.6,34.19,35.11,36.63,17.9539641943734,22.5203441060219,26.1043943269007,29.8418972332016,36.3822366891421,45.9486166007905,55.2662171588003,68.8502673796791,93.1388049290863
"52",40.58,24.093946462527,10.0591341688549,-1.07485433843842,3.26390105164663,0.91257199909336,63.9548226345813,93.8643367648023,1.32,4.84,10.9145,18.42,20.91,22.35,23.76,25.11,26.14,27.05,27.78,28.38,29.21,30,30.86,31.71,32.82,34.19,36.16,9.14381259938036,12.707571758766,15.8484008983165,17.8564988607118,23.3250823729981,36.7785190892251,60.183925380719,83.1893513433766,95.6641476648689
"53",49.67,26.778741966581,11.2030017953134,-0.510190629761189,2.7479309118771,0.947452259738157,59.5831385837813,97.0013437719093,4.5815,9.88,13.9,17,19.6,22.1,24.78,26.65,27.76,28.61,29.71,30.75,31.65,33.18,34.82,35.94,37.54,39.67,43.5185,5.28314564071104,10.0389991674335,16.386953536947,25.5451849904328,35.0904868323036,55.4021880431766,74.8521098987774,90.0997619151951,95.92042417072
"54",33.7,11.6217438538456,10.1032004612537,0.566316831768213,1.83835875790533,0.924307907562501,40.8164799639125,82.546425080821,0.41,1.12,1.72,2.28,2.81,3.41,4.03,4.81,5.87,7.54,9.28,12.2200000000001,16.09,19.4650000000001,21.05,22.64,24.76,27.55,29.54,29.6510243719065,47.8353486623645,57.0879017605413,61.8607856650586,65.9632855084268,72.3438381053819,82.513626965729,88.9280120293215,96.6042227930581
"55",39.25,21.046968385223,8.84880687387965,-0.642756930842039,2.74714462153633,0.935129949077541,58.8027452503839,95.7045341028914,2.74,7.25,10.6,13.102,15.91,18.06,19.55,20.794,21.9,23,23.968,24.76,25.65,26.38,27.16,28,29.12,31.16,33.61,5.98453455675596,11.047802279118,17.4393221844014,24.6633121207637,35.2264318484535,52.7582507029747,76.9923782743821,90.3562971733018,98.0131715258251
"56",41.45,27.2481865137523,9.06136502656272,-1.21070938711825,4.23776152877244,0.894529332264799,56.6527696751519,96.6462243344385,6.39,15.68,19.52,21.57,23.03,24,25.15,26.32,27.67,29.19,30.6,31.77,32.69,33.45,34.3,35,35.76,36.43,37.33,4.18480890179003,5.82685904550499,7.88013318534961,10.556646461197,17.9800221975583,33.8840035288426,49.3525712171661,68.1706935314039,94.9087908022425
"57",35.89,17.9579856038471,9.47805149586049,-0.31094029904818,1.84179899202356,0.968053460064192,54.927562697833,94.7178597516435,1.85,4.08,5.87,7.42,9.24,11.47,14.28,16.08,17.93,19.65,21.43,22.81,24.03,25.06,25.95,26.86,28.14,29.39,31.05,8.77022111975164,19.2129171675975,28.5705589627307,35.1417570878544,45.0350778408486,55.3438541492292,70.3215595562387,87.2274048485033,98.1342545388139
"58",42.18,20.7993395112383,11.9086364758246,-0.297653409299906,1.88089890617853,0.957610928287936,55.613153733763,89.1779917138683,0.3,1.53,5.24300000000001,8.52,11.05,13.186,15.907,18.97,21.02,22.44,23.85,25.402,28.14,29.57,31.29,32.8,34.06,35.43,37.05,13.8805492174052,19.8550898682999,28.9119730995557,36.5017413234058,45.1943477042552,59.8154597494095,69.8630959529242,83.9938353148393,97.2218886353629
"59",33.74,13.4196161681407,6.03163792616821,-0.288762368471827,3.25940420318311,0.871584562436902,58.5560965914737,94.0127198648514,1.61,3.84,6.33,8.28,10.21,11.42,12.38,13.2,13.96,14.56,15.08,15.56,16.08,16.56,17.15,17.81,18.74,19.94,21.7345,9.12546583850932,15.8385093167702,24.767701863354,41.9180124223602,72.8149068322981,91.3689440993789,97.6,98.6509316770186,99.0534161490683
"60",42.68,19.3636904266556,10.6844010626173,0.490002348853497,2.20939675777404,0.952089780972079,39.7320999903978,98.1851934833403,4.11,7.15,9.19,10.67,11.81,12.64,13.32,14.23,15.46,16.8,18.16,19.3,20.82,24.34,26.96,31.12,34.43,36.96,38.83,5.31967672241338,13.3424021765224,31.3371209090182,50.9914379451068,65.7197727454589,72.4285828598864,78.444426662399,84.4522685444507,93.6448747699448
"61",42.84,21.8774555497806,10.0402457485434,-0.371434392096729,2.13198196090643,0.955801250374205,54.6783024911462,97.6913686195351,3.93,6.62,9.09,11.99,14.47,16.59,18.39,20.11,21.77,23.53,24.84,26.03,27.55,28.7740000000001,29.87,31.06,32.89,34.69,36.17,5.61572305758352,14.0102983126239,21.8162258859933,31.3482086737901,44.0542957984818,58.537204467437,75.5052458540831,88.7286660542475,99.546729197892
"62",56.97,31.0025172019783,12.3531528685778,0.120616836830369,2.76088271366177,0.941210985105403,43.5866854602624,98.9132519870891,10.44,16.32,19.55,21.88,23.55,24.83,26.21,27.16,27.98,29.12,30.4790000000001,32.45,34.6,36.43,39.03,41.11,46.07,48.9,54.16,2.36701196016614,5.57307044321006,10.8058516405611,22.3148009141103,47.3402392033228,63.9743782214883,76.6760079400824,84.3483627750254,91.8105389581144
"63",36.22,17.0298437616693,8.34808435100218,0.0183187828349195,2.36945837050383,0.959121745773593,51.0836606969484,96.406219659741,3.134,5.57,7.51,9.41,11.01,12.34,13.54,14.66,15.97,17.27,18.52,19.68,20.83,21.81,22.71,23.81,25.45,28.41,31.79,5.97478640138615,14.3424747565275,24.4323952918683,39.3245503973233,53.4026408555894,69.603274182948,84.7224711716556,90.5075581047978,96.340443329151
"64",41.21,22.9336430628609,8.67572954842623,-0.816956567727913,2.89222451744961,0.906899219936812,57.5685871519937,97.7392268480333,4.67,9.51,12.78,15.84,18.02,19.7,20.87,22.2,23.9,25.24,25.98,26.72,28.02,29.13,29.85,30.61,31.43,32.38,33.64,4.50132511222889,8.71734544864514,14.3936935475147,21.1233706528206,33.8268700308291,47.6296716966845,68.33928281681,92.5306939261182,99.8134025636865
"65",46.14,19.6028360839435,9.8571400845288,0.550568989878629,2.49181445280999,0.919876444488326,39.9112261882745,98.9882396457751,6.37,8.8,10.22,11.24,12.11,13.16,14.32,15.31,16.26,17.33,18.37,19.58,21.07,23.47,27.77,30.71,32.35,33.83,36.58,3.16586522770295,11.1555952044213,32.9260862943058,55.4515981635806,69.5456820209317,74.8754324506625,84.8636828477556,95.3480275898083,97.6065623708088
"66",38.09,17.7730997978902,11.1349135609004,-0.0219425245379147,1.54004137051152,0.960583061015869,49.2470176476388,93.5312530809425,1.51,3.123,4.59450000000003,5.73,6.74,8.1,10.37,13.23,15.44,17.5,20.37,23.28,25.65,27.01,28.41,29.88,30.99,32.15,33.71,11.8642396756344,28.4731893077653,36.5391962338094,44.5509779032079,53.0815966873298,59.2349309244174,68.7070973466596,82.65284744217,97.6301098061447
"67",36.24,14.9008880510794,9.33968817200308,-0.175535030036955,1.96416580966198,0.918197892940719,56.6810580723624,83.3651565825479,0.12,0.53,1.48,3.58,6.84,9.61,11.59,13.71,15.43,16.65,17.77,18.56,19.46,20.54,21.74,23.58,25.41,26.72,28.07,20.0926736719206,25.8951157812804,33.1205000972952,42.2212492702861,57.036874878381,75.0060809496011,84.8195174158397,96.5630472854641,98.5040863981319
"68",59.98,21.6446208499336,11.6136601001291,0.274920644947235,2.79629603522725,0.898443580010225,48.2682602921647,95.0225763612218,2.03,5.39,9.24,12.04,14.1975,16.2,17.86,19.22,20.51,21.38,22.17,22.84,23.64,24.7,27.5,32.53,35.79,38.9,41.25,10.7956280959907,19.9126150413684,35.4546541122724,67.0141701749027,76.6955736463964,85.4433657817501,96.221729372236,98.6068872096575,99.4528479793888
"69",32.68,12.5687008941758,7.55251553117588,-0.227280565004966,1.8173046502747,0.908993302363374,55.5154265460111,86.0691173706399,0.26,1.02,2.38,4.09,5.71,7.49,9.29,11.15,12.76,14.19,15.21,16.1,16.87,17.81,18.72,19.66,20.72,22.15,23.38,17.9683409191606,27.4016192048979,36.4347954511889,45.9177508357836,61.7848847357044,79.6901223130731,92.763255058337,99.5260536244143,99.9785180113049
"70",35.15,20.2755665555773,10.4748597267668,-0.607293373369408,1.99005020087586,0.953268871437083,60.2443148402274,92.0824348167026,1.14,2.96,5.27,8.17,11.69,14.745,17.55,20.41,22.3375,23.98,25.28,26.24,27.43,28.17,28.89,29.7,30.63,31.51,32.61,11.1254058690192,18.2111131532194,23.6329106169209,28.7226612755008,35.0266495129572,41.7129204190406,52.0480303865711,69.5925993996202,90.5948661398027
"71",41.65,18.0495848579602,9.00985771467202,-0.0987296851485618,2.28731698791597,0.937678074892714,53.1594704277826,96.65624376289,3.14,5.34,6.94,8.45,10.63,12.98,14.54,16.26,17.6,18.81,20.38,22.02,23.07,23.92,24.8,25.93,27.3,28.51,30.92,6.88586103201426,19.6330201985257,28.585304840727,41.3298028049073,56.2471724725231,76.0811134470554,92.0030869947042,97.0593714240094,98.433882428081
"72",35.78,18.0794999823065,8.62469731215772,-0.297061404650648,2.30475691971112,0.968314547704325,53.4248675938049,95.0104391521285,2.01,4.92,8.04,10.49,12.08,13.8,15.1,16.31,17.66,19.08,20.05,21.16,22.21,23.53,24.75,25.908,27.27,29.15,30.93,7.7109087477588,13.6960932339341,20.7641313579315,31.8380201943946,45.8419835802586,61.5740303859583,76.384825894121,89.0086817023686,96.6724072850807
"73",40.58,14.3748958824651,9.67425569619402,0.867385150772518,3.05416202310416,0.935584762942162,38.1968348269391,94.912039499433,1.97,3.57,4.96,6.19,7.45,8.5,9.42,10.42,11.44,12.3,13.25,14.09,14.9690000000002,16.49,19.18,23.42,25.42,29.4,35.04,11.556255833325,27.9929347771544,49.3391407324147,69.1498650181147,76.032435795791,82.0730006121855,89.2094778358741,93.0592214204711,96.5065283060526
"74",46.02,16.5026821568253,8.98567613561309,0.424586980461561,3.12240834674754,0.90504132222432,47.9082253345532,96.4327726445541,2.82,5.26,6.83,8.02,9.32,10.57,12.19,13.45,14.47,15.86,17.44,19.11,20.88,22.19,23.39,24.46,25.3,27.11,29.77,8.26965614317314,24.6521214558617,41.7172732756887,57.9911522219988,73.1459883370199,91.39352503519,96.9565654534486,97.67343655741,98.5431329177559
"75",32.03,17.5918861739719,7.02975416614607,-0.314026406105291,2.6295720061213,0.945195500604246,54.1402902037441,97.9655664987595,4.36,7.77,9.95,11.78,13.08,14.09,15.06,15.99,17.38,18.38,19.22,20.07,20.86,21.64,22.42,23.72,24.88,26.27,28.85,3.23138457837123,7.53037411283532,13.9901359316733,23.8256345482978,40.087814266811,54.9816552387826,75.0436063996151,87.901479610249,94.9792493684591
"76",59.46,19.8705116256174,13.0933315274908,0.96877864171786,3.6483617456272,0.924329686553495,41.5256879379092,96.0028223093711,2.44,4.82,6.91,9.18,10.74,12.1,13.51,14.93,16.64,17.89,19.08,20.23,21.71,23.66,26.4750000000001,29.04,31.06,40.83,48.9289999999999,12.7711594630961,29.2737356831085,49.7128417183552,70.3587017163861,82.1239867414919,88.4890551672082,90.7223261461718,94.2010436152407,97.5534114403859
"77",44.69,20.8896313490395,11.1313000738446,0.250017432251053,2.35345755028951,0.968951171876767,46.8572368541297,96.8947050975088,3.26,6.15,8.52,10.66,13.08,15.04,16.49,17.69,18.82,20.05,21.36,22.88,24.04,25.21,27.49,30.25,34.96,38.77,40.66,7.27993858751279,15.94348588975,25.7749671004533,40.8685480333382,58.0640444509431,73.8338938441293,81.0315835648487,85.7855680655067,94.0269045182044
"78",48.46,15.6332522910412,11.602485887636,1.06869238329294,3.50498376168839,0.925561901307727,39.9312687628377,94.4047242850371,1.67,3.84,5.35,6.25,7.08,7.9,8.76,9.83,10.92,12.56,13.96,15.6,17.36,19.14,21.33,24.12,27.79,32.43,42.54,12.7846576208252,39.4284134226067,56.8683217791472,70.5871896664099,80.2295036637633,85.8841421263653,91.2642452252573,93.1662420256365,95.5284311982777
"79",37.07,15.9493331042439,8.52895979798885,0.365380050915369,2.53659583948396,0.952127716874473,45.8027539824747,96.4937041309737,2.93,5.27,6.93,8.52,9.76,10.85,12.14,13.2,14.3,15.17,16.14,17.18,18.35,19.61,21.17,22.76,25.65,29.23,32.35,6.46899277132092,16.3706876449724,31.1999116358415,47.8590100759686,65.8214798541991,78.3790086032327,85.5291417631104,90.6653084768228,96.7599808544323
"80",34.84,18.4297432536836,7.89115526034208,-0.605621385915414,2.58610173784816,0.942895139946507,59.2654930743336,96.0901716240826,2.7,5.92,8.72,11.086,13.55,15.23,16.79,18.25,19.42,20.36,21.07,21.8,22.52,23.38,24.06,25.2,26.04,27.09,29.1,6.00140722652208,12.0428238345543,18.7768166328656,25.7894954679028,36.9410758384725,53.8057199619221,76.6662527765131,92.203689140902,98.220272339721
"81",35.7,18.3801627144021,9.04488348132991,-0.312693240829114,1.99762436717694,0.96894072051803,55.2227139617324,95.4697580201246,2.41,5.46,7.49,9.21,10.74,12.63,14.45,16.58,18.44,19.77,20.95,22.28,23.7,25.02,26.29,27.3140000000001,28.32,29.32,30.83,6.82020851452666,14.0158312507569,24.9226602666432,34.468750344038,43.1208921867603,56.880208734711,69.8688802527716,86.2979313685555,97.5933856638006
"82",44.4,22.3408500871793,11.9839047587488,-0.0403480359742669,2.06659500997234,0.969908201766516,48.7444994010129,95.7371099170907,2.35,4.76,7.14,10.56,14.44,16.58,18.32,19.53,20.93,22.08,23.05,23.97,25.65,29.54,33.04,34.95,37.12,39.34,41.35,9.33481994591261,17.8690041277222,22.7475447169901,33.2483275608483,50.5657826066328,66.5405418228401,71.6610523319258,81.4418560516202,91.5346111875504
"83",42.43,19.121759147149,11.1272867128704,0.162994684979231,1.89353844263371,0.964538383982711,45.2362934655114,94.4927920087782,1.71,4.62,7.48,9.26,10.43,11.69,12.65,13.88,15.18,16.805,19.32,23.01,25.26,27,28.18,30.11,33.58,35.29,37.12,9.23709974932602,17.304072269782,35.324220782292,50.3816866102256,57.555692191269,65.6198268930615,79.2962209714799,85.7200964858346,97.0524523482949
"84",52.52,23.1394218368497,12.1317339020617,-0.0781720987924802,2.40956377314348,0.95280221697039,55.2870468916296,95.5028276883908,2.27,5.09,7.48,10.36,14.79,17.48,19.48,21.52,23.21,24.43,25.54,26.85,28.12,29.68,31.74,33.59,35.34,37.31,43.24,10.326909231299,20.2270521823513,26.3457745964502,38.575915356282,58.0736041403633,74.401327253566,88.7715600446592,94.3236954412179,97.0606342018218
"85",31.15,18.4675294478259,7.43823329491475,-0.715791971701637,2.6311470329,0.939824264405448,57.4812803783334,96.6392258177519,3.35,6.92,9.58,11.86,13.82,15.19,16.43,17.72,19.21,20.44,21.43,22.26,23.02,23.62,24.21,24.85,25.71,26.72,27.98,4.75116589670046,8.83454119501675,14.4549296083025,21.2817200534232,31.5306636305914,43.1611674293346,57.2964333413614,80.4589144571191,95.218181420095
"86",52.54,28.6704512739312,9.91290922815208,-0.197233019804942,3.62097640735356,0.899156548082614,50.2746989108008,98.2366489131999,11.1,17.29,19.73,22.09,23.8,24.81,25.78,26.88,27.82,28.72,29.65,30.53,31.32,32.03,33.05,35.19,38.26,43.47,47.15,2.64745750512817,4.71672084737833,8.15949521970179,17.3914086585176,37.1351798759642,66.42035435385,83.1927833691206,88.6508403008529,95.2245000779722
